x,y,id
-1185,7941,Dvoretskiy D.A.
994,8408,Lazarev V.A.
-1013,8919,Voropaev V.S.
-340,8499,Rodnova Z.N.
-778,8402,Sazonkin S.G.
195,8082,Leonov S.O.
-1033,7175,Pnev A.B.
-611,9737,Karasik V.E.
-1735,8948,Krylov A.A.
6269,-7621,Anishchenko L.
6007,-7118,Gennarelli G.
5657,-7328,Tataraidze A.
5616,-6968,Gaysina E.
5768,-7683,Soldovieri F.
5102,-7635,Ivashov S.
8195,-8832,Berezin A.V.
8265,-8335,Kuftov A.F.
7765,-8510,Shkurikhin I.B.
16591,10766,Vinogrado V.V.
16177,10772,Shakurov A.G.
16711,11163,Tyazhel’nikova I.L.
16374,11408,Vinogradova E.P.
16041,11165,Esenbekov V.S.
15178,6260,Borovskii G.V.
14833,5971,Shavva M.A.
14632,6366,Zakharevich E.M.
15031,7133,Grubyi S.V.
15058,6607,Maslov A.R.
14164,-22230,Ege N.
14496,-22820,Erbaş B.
15271,-22712,Prikazchikov D.A.
-5368,9269,Afonin V.L.
-4527,11190,Baryshnikov N.V.
-5012,9135,Zhivotovsky I.V.
-5117,9909,Kachalov V.V.
-4854,9534,Kurilovich A.V.
-4667,9255,Mendeleev V.Y.
-5367,9663,Sukhorukov R.Y.
-5126,9488,Utyashev F.Z.
-8833,15840,Ryzhii V.
-8846,13107,Otsuji T.
-7679,15033,Ryzhii M.
-6465,14506,Mitin V.
-7578,12541,Shur M.S.
17364,-21382,Timofeev G.A.
16315,-20507,Kuzenkov V.V.
-17198,94,Zubkov N.N.
1820,12443,Dolganova I.N.
3937,10037,Zaytsev K.I.
2237,11797,Metelkina A.A.
3320,11966,Yurchenko S.O.
-21627,-21898,Ismagilov R.S.
-15324,3888,Zubov N.E.
-12753,3454,Mikrin E.A.
-16602,4472,Misrikhanov M.S.
-15116,5774,Ryabchenko V.N.
-10620,-18176,Belov N.A.
-11019,-18906,Naumova E.A.
-10584,-17467,Akopyan T.K.
-18363,-15807,Manturov V.O.
-19806,-14269,Kim S.
-7120,-13320,Kurenkov A.S.
-6755,-13530,Sinev I.M.
-6531,-13083,Gavrilov S.A.
-6887,-12881,Shchedrin A.V.
-18243,-14252,Nikonov I.M.
18972,-17633,Ivanov A.S.
19960,-18945,Smirnov N.I.
21743,-17470,Murkin S.V.
-17077,-13956,Ilyutko D.P.
-1740,-5112,Arbekov A.N.
-563,-5703,Varaksin A.Y.
-252,-4837,Inozemtsev A.A.
-2521,-17067,Zakharov M.N.
-994,-17208,Morozov E.M.
-1415,-17265,Nasonov V.A.
-20069,-10181,Kondrat'ev S.Yu.
-20493,-10508,Kraposhin V.S.
-21427,-10752,Anastasiadi G.P.
-20816,-9611,Talis A.L.
-8904,6919,Ovseevich A.I.
-5961,6803,Fedorov A.K.
-16460,-15123,Fedoseev D.A.
-16921,-15414,Cheng Z.
19404,1924,Chirkov A.Yu.
-3292,11942,Romadanov I.V.
-4424,9881,Ryzhkov S.V.
-4039,15016,Evtikhiev N.N.
-3385,13910,Zlokazov E.Y.
-3834,15908,Starikov R.S.
-4460,15602,Starikov S.N.
-2865,14950,Bobrinev V.I.
-5475,12209,Odinokov S.B.
20714,-18181,Ermolaev M.M.
3379,-17395,Shchepetov S.V.
2578,-18290,Khol’nov Y.V.
3134,-18436,Vasil’kov D.G.
23615,-12308,Shirokov D.S.
20306,-4538,Chernikov S.A.
26597,-10975,Sayapin S.N.
12956,-14963,Kozlov O.S.
12591,-14592,Skvortsov L.M.
703,3376,Savin A.A.
412,4651,Savin A.S.
4567,11049,Yakovlev E.V.
26817,4778,Krishchenko A.P.
25382,5919,Chetverikov V.N.
19211,-10853,Grekhov L.
17643,-10851,Mahkamov K.
17853,-11551,Kuleshov A.
20317,-5995,Grishin Y.A.
19441,-6191,Bakulin V.N.
10644,-4449,Kalinichenko V.A.
11106,-5292,Soe A.N.
10330,-5617,Chashechkin Y.D.
2113,9628,Gavdush A.A.
1969,11149,Chernomyrdin N.V.
-12125,-3003,Isaev S.A.
-13956,-2883,Leont′ev A.I.
-14951,-2433,Shchelchkov A.V.
-14162,-3250,Gul′tsova M.E.
16924,-11051,Janhunen T.
16833,-11471,Akimov V.
29001,-165,Chernyatin A.S.
29581,-1188,Razumovskii I.A.
7233,-42024,Polyanin A.D.
8535,-44647,Zhurov A.I.
6531,-12718,Baranov A.A.
7522,-12681,Grishko D.A.
7609,-13510,Mayorova V.I.
3054,-17777,Batanov G.M.
2744,-17297,Borzosekov V.D.
3761,-17054,Kolik L.V.
2327,-16851,Konchekov E.M.
4208,-16723,Malakhov D.V.
2807,-16898,Petelin M.I.
2596,-16249,Petrov A.E.
2265,-17621,Sarksyan K.A.
3222,-16200,Skvortsova N.N.
3619,-15979,Stepakhin V.D.
3757,-17760,Kharchev N.K.
-331,-4269,Mitrofanov A.A.
388,-4210,Safin A.R.
36,-3904,Udalov N.N.
6772,-39425,Sorokin V.G.
-29149,-9173,Komkin A.I.
-28873,-7752,Mironov M.A.
-14819,-15300,Gordeev E.N.
1407,-4998,Protasov M.V.
925,-5525,Romash M.E.
1523,-5851,Kopeitsev V.N.
9974,-4787,Nesterov S.V.
9793,-4072,So A.N.
17033,8198,Bashurin V.P.
16565,7994,Budnikov I.N.
16355,7722,Klevtsov V.A.
17120,7866,Ktitorov L.V.
16822,7924,Lazareva A.S.
16613,7559,Meshkov E.E.
16916,7592,Novikova I.A.
16266,8057,Pletenev F.A.
16770,8355,Fedorenko Y.V.
16466,8331,Yanbaev G.M.
6307,10703,Kryuchkov N.P.
5431,9630,Ivlev A.V.
-10094,-21423,Mikhailov V.P.
-9508,-20944,Selivanenko A.S.
-9350,-21639,Bazinenkov A.M.
-7125,5908,Kiktenko E.O.
-7747,6397,Strakhov A.A.
-7726,6751,Man'Ko V.I.
-11379,-18003,Alabin A.N.
-11112,-17643,Matveeva I.A.
-3810,3312,Basarab M.A.
-2304,3160,Lunin B.S.
-3069,4041,Matveev V.A.
-2312,3849,Chumankin E.A.
-4022,6996,Pesterev A.V.
-4257,7475,Rapoport L.B.
-3999,7750,Tkachev S.B.
12,27155,Morozov A.N.
1144,27948,Skripkin A.V.
-1656,-13284,Reznik S.V.
-3134,-11852,Prosuntsov P.V.
-1159,-12366,Azarov A.V.
-9384,-14620,Murashov M.V.
-8721,-14178,Panin S.D.
-5640,17800,Shelestov D.
-5757,18201,Lazarev V.
-6505,16740,Karasik V.
-5404,17395,Koshelev K.
-6213,18197,Pnev A.
-5213,17808,Grudinin A.
-8498,-3748,Leontiev A.I.
-11343,-2496,Gul’tsova M.E.
-14096,-1815,Popov I.A.
-2308,-12694,Mikhailovskii K.V.
-4976,7539,Chirkov A.Y.
14797,-3564,Vasilets V.N.
15314,-2653,Shekhter A.B.
14513,-3204,Guller A.E.
15148,-3144,Pekshev A.V.
-1879,8423,Grebenyukov V.V.
-1747,8080,Pozharov A.S.
-3585,9933,Obraztsova E.D.
-2050,7330,Dianov E.M.
-16641,-14326,Kauffman L.H.
7576,10630,Khrapak S.A.
7412,8397,Thomas H.M.
-10098,-3540,Kornev N.V.
-10339,-3918,Hassel E.
-10523,-3612,Chudnovskii Y.P.
-31036,-8044,Pavlov I.V.
-5574,29714,Sadykhov G.S.
-5844,28770,Babaev I.A.
7806,7335,Zhdanov S.
8282,7415,Schwabe M.
8917,7536,Räth C.
6737,9114,Morfill G.E.
4274,11485,Komarov K.A.
4559,12754,Pustovoit V.I.
6921,11579,Gorelik V.S.
5035,9339,Moiseenko V.N.
6016,7727,Aliev I.N.
8383,8065,Zhdanov S.K.
6113,9778,Couëdel L.
8133,8626,Nosenko V.
-10250,13514,Aleshkin V.Ya.
-10371,15225,Dubinov A.A.
-11068,13896,Svintsov D.
-8424,14449,Aleshkin Y.
-13429,32861,Zarubin V.S.
-14297,30926,Kuvyrkin G.N.
-12184,31750,Savelyeva I.Y.
-7729,5548,Man'ko O.V.
-7908,5978,Man'ko V.I.
28225,17453,Deryabina G.
27594,18476,Krasilnikov A.
-6054,-14045,Polyakov S.A.
-5768,-13147,Goncharov S.Y.
-4689,-15291,Lychagin V.V.
357,11063,Gladyshev V.O.
4450,13415,Portnov D.I.
-632,2490,Zakharov V.Y.
-492,1999,Chernova T.G.
-1015,2264,Stepanov S.E.
4299,8812,Voinov Y.P.
3481,9177,Zaitsev K.I.
3661,8825,Zlobina L.I.
4690,9642,Sverbil’ P.P.
2014,35229,Voblyi V.A.
20571,-16180,Fomin M.V.
19504,-16622,Chirkin A.V.
-14220,4216,Proletarskii A.V.
-6125,-25833,Konopel’ko N.A.
-6377,-26913,Titarev V.A.
-7699,-26715,Shakhov E.M.
1415,6502,Vladimirov I.Y.
2242,4312,Korchagin N.N.
-27169,-16539,Chernega V.N.
-27849,-15422,Man’ko O.V.
-26109,-15198,Man’ko V.I.
19003,10163,Voronov S.A.
18746,9450,Ivanov I.I.
18335,9737,Kiselev I.A.
-12348,-4980,Gerasimov S.A.
-11003,-6610,Kuksenova L.I.
-11898,-5195,Lapteva V.G.
-11465,-4709,Fakhurtdinov R.S.
-12139,-4438,Danilov V.D.
-12372,-5616,Smirnov A.E.
-13119,-3094,Gromov V.I.
-12606,-4574,Alekseeva M.S.
-12776,-5063,Shcherbakov Y.I.
-12015,-4797,Khrennikova I.A.
1505,10186,Kudrin K.G.
1584,10644,Reshetov I.V.
-21731,4532,Emdadi A.A.
-21364,3964,Cifre J.
-21837,4064,Dementeva O.Y.
-21261,4429,Golovin I.S.
10977,15291,Shishov V.V.
11306,15707,Talyzin M.S.
-4434,-3944,Sidnyaev N.I.
-4385,-3220,Gordeeva N.M.
-12933,30357,Savel′eva I.Y.
6966,21234,Danilenko B.D.
22597,21063,Malyshev K.V.
-12196,-16583,Kalinkin A.V.
-12482,-17026,Mastikhin A.V.
13942,-16268,Kurikhina T.V.
-21811,15425,Dimitrienko Y.
-22588,15548,Koryakov M.
-22317,14801,Zakharov A.
-4263,12203,Kolyuchkin V.V.
-3882,12616,Talalaev V.Y.
-4070,12910,Tsyganov I.K.
-13088,-21846,Kronenberg R.
-12485,-22272,Bernhofer C.
-995,16736,Makirov S.K.
-752,16141,Yuz A.A.
-571,16604,Jahaf M.T.
-1172,16310,Nikulina A.A.
-2705,2335,Smorodin A.I.
-3001,2100,Red’Kin V.V.
-2539,1598,Frolov Y.D.
-2321,2236,Korobkov A.A.
-2255,1869,Kemaev O.V.
-2902,1723,Kulik M.V.
-2620,1976,Shabalin O.V.
25125,-5903,Goryainov V.B.
24141,-5711,Goryainova E.R.
-3967,14434,Betin A.Yu.
-3469,15032,Verenikina N.M.
-3127,15639,Donchenko S.S.
-4767,15045,Zlokazov E.Yu.
-9633,-18534,Bazlova T.A.
-9872,-17863,Alekseeva E.V.
-25960,-3775,Rudakov I.A.
-1299,27243,Kochikov I.V.
-754,26246,Novgorodskaya A.V.
-728,26635,Sologub A.A.
-1369,26370,Fufurin I.L.
10653,-14039,Kuznetsov A.P.
9993,-13437,Utenkov V.M.
10561,-13089,Shirshov A.G.
19234,-3966,Pelevin F.V.
18669,-3240,Yaroslavtsev N.L.
19052,-3399,Vikulin A.V.
18747,-4251,Orlin S.A.
18502,-3676,Ponomarev A.V.
-15333,16768,Shirokov D.
17539,13353,Gorskii V.V.
17915,12735,Zolotarev S.L.
17417,12616,Olenicheva A.A.
-5352,-8987,Emelianov A.
-5510,-9758,Eremin A.
-5516,-8521,Gurentsov E.
-6485,-9326,Mikheyeva E.
-5951,-8693,Yurischev M.
9298,-18355,Bozhenkova R.K.
8737,-18999,Bozhenkova N.A.
8834,-17603,Atanova D.V.
-6577,-15739,Nosko O.
-6559,-16139,Nagamine T.
-5953,-16587,Nosko A.L.
-5910,-15755,Romashko A.M.
-6237,-15539,Mori H.
-6198,-16002,Sato Y.
-19005,6512,Kolpakov V.I.
-19321,5621,Savenkov G.G.
-18760,5713,Mazur A.S.
-19517,6186,Rudometkin K.A.
8705,2975,Patrikeeva N.V.
9151,2814,Babeshko V.N.
8950,2442,Kamenev E.A.
8491,2585,Podolskiy V.E.
8959,-257,Kaplunov S.M.
8517,-191,Val’Es N.G.
8401,-643,Samolysov A.V.
8849,-718,Marchevskaya O.A.
-16493,-9719,Shargatov V.A.
-16288,-8988,Il'Ichev A.T.
-16878,-9046,Tsypkin G.G.
28434,-1103,Matvienko Y.G.
27712,-594,Razumovsky I.A.
3951,-7774,Razevig V.
4403,-6973,Vasiliev I.
3992,-7162,Bechtel T.
4447,-7473,Capineri L.
8230,-18116,Mirzaeva T.E.
-7727,9528,Zayarnyi D.A.
-8440,10555,Ionin A.A.
-8290,9522,Kudryashov S.I.
-7928,9877,Makarov S.V.
-8594,9998,Rudenko A.A.
-7179,9715,Drozdova E.A.
775,7649,Tarabrin M.K.
1150,7307,Kovtun A.A.
2220,7074,Kireev A.N.
450,6747,Kozlovsky V.I.
785,7171,Korostelin Y.V.
1231,7814,Podmar'Kov Y.P.
841,6404,Frolov M.P.
1887,7583,Gubin M.A.
-1560,21649,Rusanov A.
-1317,22073,Nevshupa R.
-1139,21432,Fontaine J.
-499,21734,Martin J.-M.
-975,21133,Le Mogne T.
-701,21332,Elinson V.
-946,21667,Lyamin A.
-828,22139,Roman E.
-1411,21187,Garrido M.Á.
-6300,13017,Leiman V.G.
-22495,-3293,Chernyak V.
-5776,-5687,Arapov Y.D.
-5723,-5328,Dyakov V.A.
-6399,-4228,Grechin S.G.
-5406,-4816,Kasyanov I.V.
3355,-5629,Alekseev D.N.
3815,-5574,Marakhtanov M.K.
3474,-6078,Pil’nikov A.V.
3956,-5996,Sinyavskii V.V.
28798,5931,Starkov K.E.
11122,11268,Bunkin N.F.
11780,10209,Kozlov V.A.
10294,10947,Shkirin A.V.
10857,12282,Suyazov N.V.
18353,1595,Lurie S.
17854,1807,Belov P.
8216,9460,Kompaneets R.
7613,9231,Morfill G.
-12390,19203,Talis A.
-11936,19706,Kraposhin V.
-8052,10247,Danilov P.A.
-7868,10633,Yurovskikh V.I.
-7467,10603,Zayarny D.A.
-10023,14394,Satou A.
40715,46817,Vorontsov A.L.
16974,-17035,Smelyanskaya L.I.
-11306,14814,Vyurkov V.
20680,-16967,Kuralina N.N.
1796,17730,Bobrov A.V.
2567,17433,Sarbaev B.S.
2436,18125,Shirshov Y.Y.
-6861,-5049,Chao Z.W.
-6688,-5411,An Y.H.
-6202,-5065,Andreev Yu.M.
-6473,-5720,Lanskii G.V.
3598,10935,Katyba G.M.
1610,9800,Alekhnovich V.I.
2909,8401,Nosov P.A.
-24741,-14856,Kiktenko E.
-25253,-14130,Fedorov A.
8208,-13243,Samburov S.N.
8422,-13625,Zhdanovich O.V.
8060,-13893,Strashinsky V.A.
-6698,-25577,Aristov V.V.
-7127,-25617,Zabelok S.A.
12516,-18449,Eminyan K.M.
-3330,-3731,Burtsev S.A.
-5300,-2847,Nikolaev P.P.
-5717,-3617,Okhrimchuk A.G.
1048,15584,Morozov A.V.
617,15423,Putilin A.N.
1332,15800,Kopenkin S.S.
1340,15377,Borodin Y.P.
913,16207,Druzhin V.V.
746,15752,Dubynin S.E.
948,15218,Dubinin G.B.
-3639,11294,Mozgovoy A.G.
7773,18536,Chernyshev V.L.
7531,19023,Shafarevich A.I.
-7205,14136,Maltsev P.P.
-5454,13710,Ryabova N.
-9076,-5611,Kavtaradze R.Z.
-8858,-6440,Sergeev S.S.
17309,16848,Golubev A.M.
-1881,27044,Vasil’ev N.S.
2286,-1583,Kiselev N.A.
-3359,29766,Neklyudov A.V.
-7371,2720,Loktionov E.Yu.
-6255,2536,Protasov Yu.S.
-6892,3095,Protasov Yu.Yu.
-3179,4980,Sharandin E.A.
-1851,-12032,Timoshenko V.P.
-2199,-11977,Mial' L.V.
-2215,-4498,Surovtsev I.G.
-3152,-4849,Dermer P.B.
-14886,-20233,Ivanov M.V.
-14230,-19806,Ksenofontov B.S.
1764,33675,Meleshko A.K.
-4600,12751,Zherdev A.Y.
-5618,10611,Solomashenko A.B.
-11358,-8388,Konovalov S.F.
-10907,-8017,Podchezertsev V.P.
-13174,30938,Savel'Eva I.Yu.
-15620,24410,Stepanov D.A.
2875,24486,Arkharov A.M.
3622,24162,Lavrov N.A.
3600,24995,Romanovskii V.R.
3053,23885,Dontsova E.S.
22220,8394,Bakhtin B.I.
21274,8417,Ivashov A.I.
22492,9005,Kuznetsov A.V.
21858,9207,Skorokhodov A.S.
15977,5943,Bagrov V.V.
16385,5674,Cherkasov S.G.
1540,9388,Fokina I.N.
708,9435,Orlov V.M.
607,9806,Budak V.P.
-5775,21838,Deppermann A.
-5873,21445,Balkovič J.
-5644,22209,Bundle S.-C.
-5575,21571,Di Fulvio F.
-6286,22472,Havlik P.
-5463,21922,Leclère D.
-6286,21809,Lesiv M.
-6211,22147,Prishchepov A.V.
-7353,22110,Schepaschenko D.
-14672,251,Tabatchikova T.I.
-15018,-648,Yakovleva I.L.
-15483,-70,Plokhikh A.I.
-15351,611,Del'gado Reina S.Yu.
-1002,17647,Mesropyan V.R.
-1511,17396,Ovsyannikov M.V.
-13801,3985,Zybin E.Yu.
-13852,4674,Misrikhanov M.Sh.
-4687,-12076,Zuev A.V.
8602,19266,Dreval' A.E.
9045,19575,Rubakhin A.I.
-27794,-7963,Yudin S.I.
-9271,-13882,Kornev Y.V.
-4258,-17436,Deryabina G.S.
-3900,-17799,Krasil'nikov A.N.
17788,-7990,Tabaldyev S.B.
-12391,-21503,Franke J.
-17595,-13989,Friesen T.
3942,-16268,Sakharov A.S.
2797,-16670,Tereshchenko M.A.
-20349,-5225,Grigoriev S.N.
-19973,-4688,Romanov R.I.
-19957,-5091,Fominski V.Y.
-20382,-4594,Volosova M.A.
-20626,-4918,Zhukova E.A.
-6870,-26024,Utyuzhnikov S.V.
-10461,3037,Evdokimov S.N.
-10556,2378,Klimanov S.I.
-10159,2915,Korchagin A.N.
-10215,2404,Sikharulidze Y.G.
-10620,2716,Tuchin A.G.
-9967,2654,Tuchin D.A.
8345,13623,Burdanova M.G.
16329,20759,Sidorenko A.M.
15158,20919,Khobotov E.N.
-15500,-8392,Fu Y.B.
-13345,4471,Oleinik A.S.
5294,14149,Filatov V.V.
-2178,-19270,Chaley M.
-2795,-19110,Kutyrkin V.
-2610,-18589,Tulbasheva G.
-2041,-18732,Teplukhina E.
-2256,-18418,Nazipova N.
11965,6528,Borovin G.K.
14109,7011,Lapshin V.V.
16866,15811,Sorokin N.I.
17422,16053,Sobolev B.P.
-7329,-684,Loktionov E.Y.
-7300,1843,Ovchinnikov A.V.
-6729,928,Protasov Y.S.
-7131,1066,Protasov Y.Y.
-6801,1686,Sitnikov D.S.
-2127,18631,Romanov A.N.
-2221,18117,Tarakanov P.V.
-1700,18323,Shashurin G.V.
1854,-4250,Varaksin A.Yu.
1385,-4126,Teplitskii Yu.S.
14276,-9792,Rozhnova Y.A.
15408,-9903,Luginina A.A.
14903,-10592,Voronov V.V.
15179,-9544,Ermakov R.P.
14790,-9417,Kuznetsov S.V.
15298,-10345,Ryabova A.V.
14472,-10499,Pominova D.V.
14589,-9741,Arbenina V.V.
14402,-9512,Osiko V.V.
14251,-10144,Fedorov P.P.
11429,12584,Burkhanov I.S.
12149,12307,Chaikov L.L.
11703,12395,Lomkova A.K.
-7385,10278,Kulchin Yu.N.
-7569,10039,Vitrik O.B.
-7672,10294,Kuchmizhak A.A.
11068,10315,Gudkov S.V.
12441,10944,Astashev M.E.
12448,10514,Bruskov V.I.
12133,10797,Zakharov S.D.
-9556,14278,Shur M.
-17267,1242,Yakomaskin A.A.
-17047,1703,Afanasiev V.N.
-16829,1317,Morskoy D.N.
19807,-7020,Fedoseev I.V.
19911,-7512,Gerasimova N.S.
20355,-7172,Maramygin K.V.
786,-10418,Bulanov V.B.
299,-10395,Semenov-Ezhov I.E.
515,-11091,Shirshov A.A.
2760,-14103,Ivanov V.A.
2541,-14464,Konyzhev M.E.
2001,-13635,Zimin A.M.
2119,-14413,Troinov V.I.
2373,-14089,Kamolova T.I.
2999,-15837,Letunov A.A.
15170,-21940,Kaplunov J.
14624,-22009,Şahin O.
-3379,14520,Betin A.Y.
-11994,18766,Jakovleva I.
-11460,19244,Karkina L.
-11840,19161,Nuzhny G.
-11583,18824,Zubkova T.
-19152,-10400,Schastlivtsev V.M.
-3956,-13406,Escárcega-Bobadilla M.V.
-3348,-13041,Zelada-Guillén G.A.
-3569,-13357,Pyrlin S.V.
-3928,-13102,Wegrzyn M.
-3224,-13591,Ramos M.M.D.
-3807,-13672,Giménez E.
-3172,-13290,Stewart A.
-3647,-12993,Maier G.
-3502,-13721,Kleij A.W.
-22426,590,Solovyev A.
-17219,4760,Atul J.K.
-17063,5105,Singh R.
-17251,4070,Sarkar S.
-17567,4220,Kravchenko O.V.
-17722,4667,Singh S.K.
-17444,5019,Chattopadhyaya P.K.
-17425,4509,Kaw P.K.
25556,3281,Fetisov D.A.
-720,25652,Tabalin S.E.
-363,25893,Svetlichnyǐ S.I.
-19144,10956,Kulikova O.V.
2716,15446,Belyanova É.N.
2395,15026,Bludova I.V.
-12982,31283,Savel'eva I.Yu.
-15697,1139,Yakovlev I.L.
-15267,1113,Klyueva S.Yu.
9143,-10695,Machikhin A.
8662,-11447,Pozhar V.
8151,-10845,Batshev V.
6552,20372,Balandin A.D.
16541,326,Rassokha S.S.
17713,192,Ladov S.V.
16861,743,Kubyshkina G.A.
16965,269,Babkin A.V.
11632,-12457,Lomov M.V.
12161,-12435,Chernyanskii P.M.
-13315,5085,Lapin A.V.
-7238,-17295,Leontyev M.Y.
-7686,-16962,Nasonov D.A.
-7681,-17521,Bedny I.A.
9916,-8571,Tarasova T.V.
9463,-8690,Terekhina S.M.
9822,-8107,Salvia M.
9378,-8233,Malysheva G.V.
-19889,-14853,Mal'kov O.V.
-2239,-1020,Panchenko A.
-2614,-1095,Romanov P.
-2415,-1392,Morozova O.
-1961,-772,Naets H.
-2052,-1373,Philippovich A.
-2508,-529,Romanov A.
-1816,-1098,Fairon C.
11257,-8942,Blinov D.S.
11790,-9182,Shatilov A.A.
-3607,-5869,Smirnova V.
-4038,-5780,Riehokainen A.
-3774,-5506,Solov'Ev A.
-3722,-5123,Kallunki J.
-4098,-5309,Zhiltsov A.
-3397,-5494,Ryzhov V.
-22892,-5621,Anikin A.Y.
24988,3647,Emel'yanov S.V.
-389,14502,Isaev N.K.
-555,14142,Stelmashook E.V.
-275,13840,Stelmashook N.N.
7,14413,Sharonova I.N.
67,14017,Skrebitsky V.G.
-1389,1096,Sobisevich L.E.
-1679,1391,Kanonidi K.K.
-1349,1700,Sobisevich A.L.
-1023,1394,Miseyuk O.I.
19217,27,Fedorov S.V.
19749,-1014,Veldanov V.A.
-4466,14451,Bobrinyov V.I.
-4761,14509,Zherdev A.Yu.
-4727,14104,Lushnikov D.S.
-4321,13953,Markin V.V.
10065,3556,Volkov V.Yu.
9736,3296,Belova O.V.
9852,4011,Krutikov A.A.
9517,3728,Skibin A.P.
-3789,-26700,Dimitrienko Y.I.
-3313,-27319,Dimitrienko I.D.
-16465,-1598,Kas'Kov S.I.
-6386,9587,Odinikov S.B.
-6284,9230,Sagatelyan G.R.
-6645,9105,Kovalyov M.S.
-11320,-11292,Leont'Ev A.I.
-11866,-11197,Olimpiev V.V.
6650,-14133,Grether M.
6336,-14519,De Llano M.
6099,-14029,Tolmachev V.V.
-2781,-20025,López A.F.
-2256,-20195,Golubkov A.Y.
-9485,-12122,Scherbinin V.V.
-9185,-12734,Shevtsova E.V.
-9042,-12301,Vasil'Eva Y.S.
-9628,-12565,Chizhevskaya O.M.
-15189,19812,Arkhipov S.A.
-14976,20271,Senik B.N.
-15907,20517,Zavarzin V.I.
-7059,6918,Trushechkin A.S.
12715,7806,Gorobets L.z.
13074,7501,Bovenko V.N.
13267,8011,Pryadko N.S.
1313,-12536,Gradov V.M.
1267,-12963,Krivitskiy S.E.
1708,-12889,Serushkin S.V.
1761,-12489,Troynov V.I.
-13015,-11174,Kurkin A.S.
-13472,-11476,Ponomareva I.N.
3872,6607,Pakhomov I.I.
-17553,7989,Nikiforov A.M.
-18063,8069,Epifanov A.S.
-17887,7549,Garnov S.V.
-4966,8238,Bagryansky P.A.
-4629,8432,Anikeev A.V.
-5112,-19224,Mazalov M.Ya.
-5558,-19845,Paramonov P.V.
-5591,-19064,Fedorovskiy K.Yu.
-2583,8188,Tiunov P.S.
-2483,8607,Leont'ev A.D.
-1995,9624,Gladysheva T.M.
-2495,6273,Dvoretskii D.A.
-2128,6247,Bufetov I.A.
-2294,5976,Vel'Miskin V.V.
-2321,6549,Zlenko A.S.
-1934,5949,Khopin V.F.
-1954,6502,Semjonov S.L.
-1746,6222,Gur'Yanov A.N.
-1690,7524,Denisov L.K.
13097,-4026,Solovyeva L.
12854,-3142,Zubkov N.
12207,-3714,Lisowsky B.
12532,-4233,Elmoursi A.
25302,4868,Kanatnikov A.N.
-1138,12832,Butko Y.A.
-1356,12209,Schilling R.L.
-741,13200,Smolyanov O.G.
1432,6191,Korostelin Yu.V.
1552,7088,Podmar'kov Yu.P.
1983,6021,Tyurikov D.A.
1981,6603,Shelkovnikov A.S.
1640,8803,Shelestov D.A.
-9274,-23026,Grishin Yu.M.
-9737,-23369,Kozlov N.P.
-9830,-24183,Skryabin A.S.
6977,2123,Soldatenkov V.A.
6442,2694,Achildiev V.M.
6431,2081,Levkovich A.D.
6113,2453,Gruzevich U.K.
6833,2642,Litvak E.S.
24501,4821,Emel'Yanov S.V.
8422,-5274,Kozintsev V.I.
8915,-5632,Ivanov S.E.
8460,-5719,Belov M.L.
8841,-5148,Gorodnichev V.A.
7436,-10822,Machihin A.
6945,6013,Altunin V.A.
6288,6097,Altunin K.V.
6345,6456,Gortyshov Yu.F.
6592,5881,Dresvyannikov F.N.
6998,6371,Obukhova L.A.
6698,6590,Tarasevich S.E.
6643,6235,Yanovskaya M.L.
-4912,-16357,Mozalev V.V.
-5196,-15983,Nosko A.P.
-5157,-16719,Suvorov A.V.
-5366,-16335,Lebedeva V.N.
-10672,-25215,Khvesyuk V.I.
7850,-6936,Smerdova O.
7897,-6489,Cayer-Barrioz J.
8328,-6931,Le Bot A.
8395,-6510,Sarbaev B.
7780,12823,Vasil'Ev N.S.
-10764,14564,Yurchenko S.
-90,5193,Nosov V.N.
-455,5246,Kaledin S.B.
-288,5557,Gorelov A.M.
-323,4551,Kuznetsov V.A.
106,5465,Pogonin V.I.
3151,21584,Wu N.
2424,21633,Li Y.
2779,21907,Wang J.
2817,21302,Puchkov U.A.
-5060,-5472,Karpenko A.P.
-4807,-6300,Moor D.A.
-4451,-6535,Mukhlisullina D.T.
16683,16312,Otroshchenko L.P.
-3926,10682,Alexei Yu.C.
4832,19250,Derevich I.V.
4122,18895,Ermolaev V.S.
4960,18618,Mordkovich V.Z.
20839,1414,Penskoi A.V.
11812,1690,Salles L.
11661,1334,Blanc L.
11272,1340,Thouverez F.
11456,2052,Gouskov A.M.
11086,1660,Jean P.
-162,-10983,Dunaev V.V.
8891,-7457,Solonin V.I.
8348,-7627,Perevezentsev V.V.
-7888,-13028,Gurov A.A.
-7577,-12581,Slitikov P.V.
-456,-9168,Voronetskiǐ A.V.
-265,-9565,Mikhaǐlov V.N.
-681,-9777,Petrov N.V.
-898,-9383,Stasel'Ko D.I.
-7421,6969,Popov A.A.
15580,20065,Dudnikov E.E.
8720,-40033,Shingareva I.K.
11169,-232,Vitukhnovsky A.G.
11539,-872,Ambrozevich S.A.
12411,120,Korshunov V.M.
13413,-662,Taydakov I.V.
12391,-671,Lyssenko K.A.
13046,219,Metlin M.T.
12844,-418,Selyukov A.S.
1464,11933,Aleksandrova P.V.
1576,11612,Beshplav S.-I.T.
1787,11785,Potapov A.A.
2684,11045,Kurlov V.N.
1376,11313,Tuchin V.V.
1234,11723,Zaytseva K.I.
5770,-3484,Litvinov D.A.
5497,-4031,Rudenko V.N.
5112,-3407,Alakoz A.V.
5230,-2965,Bach U.
5391,-3568,Bartel N.
5079,-3719,Belonenko A.V.
4987,-3300,Belousov K.G.
5361,-3709,Bietenholz M.
5563,-3300,Biriukov A.V.
4945,-3792,Carman R.
5552,-3618,Cimó G.
4743,-3295,Courde C.
4706,-3611,Dirkx D.
5243,-3501,Duev D.A.
5525,-3455,Filetkin A.I.
5123,-3249,Granato G.
5142,-3096,Gurvits L.I.
4985,-4155,Gusev A.V.
4706,-3449,Haas R.
5052,-3912,Herold G.
4563,-3383,Kahlon A.
5371,-3048,Kanevsky B.Z.
5189,-3811,Kauts V.L.
5247,-3337,Kopelyansky G.D.
4616,-3743,Kovalenko A.V.
5205,-3976,Kronschnabl G.
4863,-3197,Kulagin V.V.
4726,-3872,Kutkin A.M.
5274,-3176,Lindqvist M.
4994,-3127,Lovell J.E.J.
4949,-3636,Mariey H.
5099,-3564,McCallum J.
4742,-3089,Molera Calvés G.
4618,-3212,Moore C.
5051,-2953,Moore K.
5376,-3415,Neidhardt A.
4839,-3541,Plötz C.
4876,-3931,Pogrebenko S.V.
4884,-3000,Pollard A.
5507,-3140,Porayko N.K.
4807,-3727,Quick J.
4552,-3562,Smirnov A.I.
4863,-3382,Sokolovsky K.V.
5399,-3263,Stepanyants V.A.
5225,-3651,Torre J.-M.
5338,-3860,de Vicente P.
5510,-3768,Yang J.
4980,-3475,Zakhvatkin M.V.
-17200,15297,Duyunova A.
-16830,15700,Lychagin V.
-16664,15168,Tychkov S.
-5671,-9184,Selyakov I.
6026,9093,Nechipurenko S.O.
5819,8780,Loboiko A.A.
-20041,-595,Liu B.
-20532,-342,Grout V.
-20448,-877,Nikolaeva A.
12464,-2374,Poptsov V.
11781,-2377,Vasiliev S.
11896,-2845,Batako A.D.L.
4187,-17287,Vasilkov D.G.
3732,-16533,Kholnov Y.V.
4087,18338,Solomonik I.G.
4540,18243,Fokina A.Y.
-6579,21547,Moltchanova E.
-7711,22526,Shvidenko A.
-6834,21287,Blyshchyk V.
-7116,21243,Dmitriev E.
-6685,22666,Martynenko O.
-7849,21927,See L.
-7315,22781,Kraxner F.
18326,-4279,Avraamov N.I.
18092,-3885,Ir’yanov N.Y.
17870,-4411,Lozovetskii V.V.
-20802,-2945,Attetkov A.V.
-20569,-2453,Vlasov P.A.
-21040,-2451,Volkov I.K.
-4034,-18914,Dreval’ A.E.
-15299,32645,Savel’eva I.Y.
13771,-3839,Shchigolev V.
13764,-4416,Stepanov D.
6814,1412,Gruzevich Y.U.K.
7077,1646,Achil’Diev V.M.
6642,1697,Bedro A.N.
6239,1621,Komarova M.N.
6438,1327,Voronin I.V.
6934,-7481,Machado Fernández J.R.
-3270,-10889,Anuchin S.A.
-3592,-10476,Lanin A.V.
-3207,-10432,Kordo M.N.
-3636,-10847,Zabezhailov M.O.
-2937,-10723,Rusin M.Y.
-6654,2466,Romashevskiy S.A.
-5460,1953,Tsygankov P.A.
-6298,2891,Ashitkov S.I.
-6278,2130,Agranat M.B.
-27880,-8872,Bykov A.I.
-13178,-3553,Baranov P.A.
-13978,-16171,Lunkov A.A.
9784,9247,Pyatyshev A.Y.
8923,9847,Sidorov N.V.
10913,3937,Zhigalina O.M.
12841,3490,Doludenko I.M.
12534,4583,Khmelenin D.N.
12472,3556,Zagorskiy D.L.
12157,3319,Bedin S.A.
12546,3165,Ivanov I.M.
-8247,14202,Aleshkin V.Y.
-8531,14145,Morozov S.V.
22251,13935,Bystrov N.S.
22878,13837,Emelianov A.V.
23124,14605,Eremin A.V.
22358,14854,Yatsenko P.I.
-6954,13011,Gayduchenko I.A.
-6372,11743,Fedorov G.E.
-6411,12016,Moskotin M.V.
-6848,11545,Yagodkin D.I.
-6843,11997,Seliverstov S.V.
-6571,11549,Goltsman G.N.
-6657,11818,Yu Kuntsevich A.
-6995,11758,Rybin M.G.
-6622,12166,Ryzhii V.I.
4851,12002,Brazhkin V.V.
-6981,22439,Bun R.
-7208,21622,Dürauer M.
-6952,21951,Schierhorn F.
-6779,22098,Estel S.
-6779,22368,Kuemmerle T.
-6686,21863,Alcántara C.
-6862,21740,Kussul N.
-6594,22277,Shchepashchenko M.
-6963,22204,Kutovaya O.
-6567,22045,Karminov V.
-7587,21517,Fritz S.
-587,-1984,Volkov S.S.
-970,-1567,Bigus G.A.
-504,-1492,Remizov A.L.
17310,-16333,Zhanysbekova Z.Z.
21482,-20090,Chervon S.V.
22046,-19548,Fomin I.V.
21245,-19393,Beesham A.
-25,6562,Svelto C.
1060,4636,Matteucci M.
1220,4278,Pniov A.
781,4156,Pedotti L.
-3247,-239,Kolgotin A.
-2912,-124,Müller D.
-2992,277,Chemyakin E.
-2592,145,Alehnovich V.
12484,-1155,Varaksina E.A.
12851,-1288,Jesus L.T.
12839,-968,Freire R.O.
-9672,14770,Yadav D.
-9861,14916,Tamamushi G.
-9485,15076,Watanabe T.
-9378,14844,Mitsushio J.
-9498,14588,Tobah Y.
-9721,15190,Sugawara K.
9099,10934,Ninham B.W.
10512,10256,Balashov A.A.
-6333,-1056,Mikhaylova M.
-5586,-1146,Bär J.
-5947,-1476,van Bommel B.
-6176,-1701,Schätzle P.
-6166,-1412,YuanXiang P.
-5914,-1063,Raman R.
-5576,-1394,Hradsky J.
-5712,-1598,Konietzny A.
-5697,-927,Reddy P.P.
-6107,-1185,Lopez-Rojas J.
-5931,-1734,Spilker C.
-6380,-1554,Kobler O.
-6401,-1293,Raza S.A.
-5933,-805,Stork O.
-5821,-1282,Hoogenraad C.C.
-6164,-884,Kreutz M.R.
-8884,14253,Ponomarev D.S.
-9116,14557,Lavrukhin D.V.
-8723,14776,Yachmenev A.E.
-9168,14278,Khabibullin R.A.
-9021,14824,Semenikhin I.E.
-8792,14514,Vyurkov V.V.
-5737,-17359,Safronov E.V.
-6244,-17277,Soloviev V.A.
823,25829,Salbieva L.R.
937,26590,Skuibin B.G.
1319,26185,Smirnov E.V.
16820,4165,Dorofeev A.A.
17607,4211,Yagodnikov D.A.
17492,-16848,Koroleva O.B.
19415,16695,Kirillov A.A.
19094,15961,Montani G.
19824,16067,Savelova E.P.
-2396,11230,Denisov D.G.
-2109,10881,Abdulkadyrov M.A.
-2385,10636,Ignatov A.N.
-2763,10243,Patrikeev V.E.
-3026,10675,Semenov A.P.
-2648,10676,Morozov A.B.
-2815,11098,Sudarikov I.N.
-2389,10358,Sharov Y.U.A.
13401,1478,Krasnova S.A.
12953,1740,Antipov A.S.
17082,-4210,Lebedev V.V.
16841,-4598,Cherkina V.M.
17235,-4795,Ivanchuk M.S.
-3156,-15697,Yuan S.
-3101,-16556,Li Z.
-3495,-16461,Zhang C.
-2845,-16174,Guskov A.
8621,-10386,Naumov A.
8257,-10281,Gorevoy A.
-14610,-6433,Tsap Y.T.
-14157,-6964,Smirnova V.V.
-14909,-6685,Motorina G.G.
-14454,-7215,Morgachev A.S.
-14534,-6824,Kuznetsov S.A.
-14827,-7073,Nagnibeda V.G.
-14239,-6578,Ryzhov V.S.
11629,9263,Sevost’yanov M.A.
11796,9523,Nasakina E.O.
11350,9243,Baikin A.S.
11545,9535,Sergienko K.V.
11293,9496,Konushkin S.V.
10996,9607,Kaplan M.A.
11674,6977,Seregin A.V.
11051,9337,Leonov A.V.
11501,9777,Kolmakov A.G.
11223,9754,Simakov S.V.
2892,-801,Durmanov N.N.
3382,-778,Guliev R.R.
2886,-1209,Eremenko A.V.
3566,16,Boginskaya I.A.
3755,-387,Ryzhikov I.A.
2737,-1009,Trifonova E.A.
3142,-1281,Putlyaev E.V.
3269,-1088,Mukhin A.N.
3030,-1011,Kalnov S.L.
2740,-576,Balandina M.V.
3146,-809,Tkachuk A.P.
2621,-782,Gushchin V.A.
2190,-1083,Sarychev A.K.
2990,-567,Lagarkov A.N.
2847,-81,Rodionov I.A.
3224,-563,Gabidullin A.R.
3475,-1008,Kurochkin I.N.
-3496,-15071,Gouskov A.
-3224,-14798,Nikolaev S.
-2862,-14880,Kuts V.
-3171,-15254,Nizametdinov F.
-2764,-15267,Korovaitseva E.
6885,-394,Tananaev P.N.
4901,457,Bykov I.V.
4828,-440,Trofimov I.V.
4514,-440,YANKOVSKIı G.M.
4743,25,Baryshev A.V.
14740,-2742,Vagapov A.B.
14469,-2496,Sharapov N.A.
14888,-2277,Vanin A.F.
20645,7736,Ivashov S.I.
20244,7807,Bugaev A.S.
20129,8186,Zhuravlev A.V.
20620,8116,Razevig V.V.
20420,8455,Chizh M.A.
-12322,-18898,Dmitriev B.M.
-413,-18823,Laryushkin P.A.
-1070,-19078,Erastova K.G.
8502,4414,GAN T.
8131,3808,YU Z.-Q.
8533,3771,ZHAO Y.-X.
8760,4105,EVSYUKOV S.A.
8142,4219,LAI X.-M.
10162,-18426,Temis M.
10296,-17843,Lazarev A.
-7026,-5894,Bondarenko A.L.
-7125,-5480,Kochiev D.G.
-7445,-5275,Sharikov A.N.
-7445,-5753,Shcherbakov I.A.
9987,-479,Kurochkin N.S.
9806,-836,Katsaba A.V.
9627,-465,Vaschenko A.A.
1483,5398,Korostelin Y.U.V.
965,5394,Podmar’Kov Y.U.P.
1268,5131,Skasyrsky Y.A.K.
1591,2377,Il'In N.
1289,2001,Shpagina E.
1717,1855,Uskov F.
2026,2217,Lychkovskiy O.
-9463,-7450,Mayorova V.
-9290,-7940,Grishko D.
-9799,-7858,Leonov V.
-9098,18100,Tsegel’skii V.G.
-9097,18585,Akimov M.V.
-8604,18294,Safargaliev T.D.
2583,-10099,Chernenkiy V.M.
2977,-10881,Gapanyuk Y.E.
2278,-10389,Nardid A.N.
2807,-10401,Gushcha A.V.
2332,-10944,Fedorenko Y.S.
-6249,10311,Filippov I.Y.
-6001,10529,Kovalev M.S.
-6450,10578,Krasin G.K.
-6470,10894,Ruchka P.A.
-6062,10912,Stsepuro N.G.
3779,7512,Rozhkov O.V.
4259,5933,Piskunov D.E.
3619,7191,Pavlov V.Y.
2746,9159,Khorokhorov A.M.
4214,7186,Shirankov A.F.
121,16015,Puryaev D.T.
311,16510,Sharakin S.A.
-226,3098,Bednova O.V.
188,3145,Tarasova N.P.
20493,-10684,Zhao J.
19156,-10050,Yue P.
20383,-9947,Ma X.
-14071,10027,Yakushin B.F.
-13062,9722,Shiganov I.N.
-13835,9304,Bakulo A.V.
-7970,-20466,Deon A.F.
-8695,-20211,Menyaev Y.A.
-11296,-9908,Yakush S.E.
-10855,-9808,Iskhakov A.S.
-11174,-10363,Melikhov V.I.
-10728,-10264,Melikhov O.I.
-16057,8025,Korolev V.N.
-16226,7570,Markov V.A.
-16575,7986,Nagornov S.A.
-16721,7465,Paryshev I.S.
-7315,18857,Serdyukov V.I.
-7578,18402,Serdyukova N.A.
-7881,18806,Shishkina S.I.
-16010,-1208,Skrypnik A.N.
-15549,-1093,Ryzhkov D.V.
-15842,-939,Sverchkov S.A.
-15859,-1512,Zhukova Y.V.
-15552,-1408,Chornyi A.D.
-894,34,Luss A.L.
-396,545,Kulikov P.P.
-227,-140,Romme S.B.
-613,265,Andersen C.L.
-684,546,Pennisi C.P.
-555,-12,Docea A.O.
-73,91,Kuskov A.N.
-348,182,Velonia K.
-157,398,Mezhuev Y.O.
-463,-295,Shtilman M.I.
-763,-222,Tsatsakis A.M.
-904,318,Gurevich L.
-16482,-5464,Tyurikov A.G.
-16714,-5191,Kosarenko N.N.
-16098,-5005,Gvozdeva T.B.
-16659,-4837,Voronina M.V.
-16129,-5361,Grishnova E.Y.
-16310,-4717,Solovyeva N.A.
8452,-30287,Adamczewski-Musch J.
8217,-30704,Akishin P.
7183,-29508,Becker K.-H.
7064,-29879,Belogurov S.
7803,-30940,Bendarouach J.
7186,-29130,Boldyreva N.
6908,-31019,Deveaux C.
6655,-30531,Dobyrn V.
7946,-29162,Dürr M.
6752,-28972,Eschke J.
8187,-29528,Förtsch J.
6807,-29396,Heep J.
7681,-30109,Höhne C.
5874,-29615,Kampert K.-H.
7567,-29335,Kochenda L.
8567,-29353,Kopfer J.
8110,-29985,Kravtsov P.
7529,-30584,Kres I.
7152,-28750,Lebedev S.
7996,-28641,Lebedeva E.
7093,-30614,Leonova E.
7459,-29798,Linev S.
6680,-29781,Mahmoud T.
8567,-29839,Michel J.
7594,-28900,Miftakhov N.
6294,-28799,Niebur W.
5949,-30077,Ovcharenko E.
6660,-28526,Patel V.
7582,-28446,Pauly C.
7285,-30237,Pfeifer D.
6144,-30501,Querchfeld S.
7108,-28341,Rautenberg J.
6413,-30129,Reinecke S.
6420,-29279,Riabov Y.
6852,-30199,Roshchin E.
8328,-28948,Samsonov V.
6449,-30889,Schetinin V.
6002,-29164,Tarasenkova O.
7929,-30407,Traxler M.
7360,-31047,Ugur C.
7820,-29658,Vznuzdaev E.
6294,-29690,Vznuzdaev M.
1408,20042,Lednev V.N.
1605,20625,Sdvizhenskii P.A.
680,19623,Grishin M.Y.A.
1002,19422,Cheverikin V.V.
703,19999,Stavertiy A.Y.A.
1091,20467,Tretyakov R.S.
983,19775,Taksanc M.V.
1565,19502,Pershin S.M.
5493,10700,Ovcharov P.V.
986,14253,Matveeva O.P.
1302,13905,Patrikeev Yu.B.
787,13732,Filyand Yu.M.
4708,20512,Shipitsin N.V.
4998,20196,Krivoshein A.I.
4676,19964,Ivanov N.A.
4311,20416,Petrushenko I.K.
4268,20003,Rzhechitskii A.E.
3046,10155,Koshelev K.I.
4588,10604,Zotov A.K.
3124,10550,Tolstoguzov V.L.
27942,-161,Lopez-Crespo P.
1607,-107,Melentiev P.
1402,-312,Kalmykov A.
1396,403,Gritchenko A.
1209,231,Afanasiev A.
1161,-254,Balykin V.
1356,-50,Baburin A.S.
1742,160,Ryzhova E.
1487,150,Filippov I.
1659,394,Nechepurenko I.A.
2178,294,Dorofeenko A.V.
1349,-763,Ryzhikov I.
1098,5,Vinogradov A.P.
1842,-290,Zyablovsky A.A.
1627,-400,Andrianov E.S.
1869,-45,Lisyansky A.A.
10112,-12568,Bykov P.A.
9738,-12809,Osipov V.V.
-628,-3227,Nerovny N.A.
-1200,-3361,Grigorjev A.S.
-873,-3683,Lapina I.E.
8194,-19733,Kanev N.G.
554,-6038,Vasil’ev N.V.
917,-6264,Zeigarnik Y.A.
705,-6607,Khodakov K.A.
358,-6413,Epel’fel’d A.V.
-18241,1903,Gaponov S.A.
-17925,2050,Ermolaev Y.G.
-17664,1632,Kosinov A.D.
-17591,1954,Lysenko V.I.
-18097,1602,Smorodskii B.V.
-17852,1355,Yatskikh A.A.
-18270,-2014,Bulatov K.M.
-18111,-2653,Mantrova Y.V.
-18348,-2360,Bykov A.A.
-18636,-2434,Gaponov M.I.
-18421,-2737,Zinin P.V.
-19051,-2913,Machikhin A.S.
-18037,-2302,Troyan I.A.
-19145,-2199,Batshev V.I.
-18593,-2052,Kutuza I.B.
1428,-7963,Dilmieva E.T.
1514,-8510,Koshkidko Y.S.
1918,-8228,Kamantsev A.P.
1562,-8249,Koledov V.V.
1203,-8373,Mashirov A.V.
1740,-8749,Shavrov V.G.
1893,-8506,Khovaylo V.V.
1430,-8804,Lyange M.V.
1165,-8109,Cwik J.
1737,-7987,Gonzalez-Legarreta L.
1159,-8642,Grande H.B.
-14720,-4515,Poluektov N.P.
-15105,-5048,Tsar'gorodsev Y.P.
-15173,-4563,Usatov I.I.
-14667,-4974,Evstigneev A.G.
5150,10451,Lipaev A.M.
5424,10391,Naumkin V.N.
5478,10170,Kislov A.Yu.
5141,10168,Vorob'Ev E.V.
18741,-12691,Khor'kova N.G.
-11199,5755,Osipkov A.
-10624,5316,Poshekhonov R.
-10850,5972,Arutyunyan G.
-11029,5377,Basov A.
-10527,5719,Safonov R.
-10829,-8839,Kiriliuk E.V.
-10340,-8624,Zaborsky S.A.
8694,1500,Sedyakina N.E.
9403,1204,Zakharov A.N.
9206,921,Krivoshchepov A.F.
8641,1162,Pribytkova A.P.
8863,904,Bogdanova Y.A.
9019,1266,Feldman N.B.
9325,1535,Lutsenko S.V.
9003,1647,Avramenko G.V.
-8117,22642,Fuss S.
-8048,22983,Lunnan A.
-7757,23078,Kindermann G.
-8344,22789,Aoki K.
-1241,8695,Negin M.A.
-1398,8410,Davydov V.A.
1842,19932,Filippov M.N.
2189,20580,Grishin M.Y.
2023,19640,Filichkina V.A.
2459,20144,Stavertiy A.Y.
1932,20209,Bunkin A.F.
-12248,-9499,Bondarev O.L.
-12651,-9829,Strazdovskii V.V.
-12185,-10050,Chernov Y.V.
-1144,-2629,Odinokov S.
-1267,-2214,Zlokazov E.
-1614,-2695,Donchenko S.
-1710,-2254,Verenikin N.
-2044,26238,Vintaykin I.B.
-2436,26681,Golyak I.S.
17122,4796,Rudinskii A.V.
11620,-16922,Bukov V.N.
12260,-17376,Bronnikov A.M.
12219,-16716,Ageev A.M.
11646,-17573,Gamayunov I.F.
-22068,2319,Primenko A.E.
-21940,1791,Osipov M.A.
-21559,2221,Rudnev I.A.
9628,15844,Aref’ev K.Y.
10138,15296,Kukshinov N.V.
10312,15821,Serpinskii O.S.
-9677,13812,Leiman V.
13362,-7164,Pavlova E.R.
13076,-7602,Bagrov D.V.
12713,-6479,Kopitsyna M.N.
13345,-6892,Shchelokov D.A.
12635,-7532,Bonartsev A.P.
12278,-7530,Zharkova I.I.
12584,-7234,Mahina T.K.
12899,-7163,Myshkina V.L.
12713,-6898,Bonartseva G.A.
12958,-6720,Shaitan K.V.
13293,-7421,Klinov D.V.
-20828,6764,Nerovny N.
-20394,6625,Zimin V.
-20215,7094,Fedorchuk S.
-20659,7226,Golubev E.
-2667,-3089,Vinogradov Y.A.
-3224,-2742,Strongin M.M.
-2819,-2650,Zditovets A.G.
12135,-223,Metlina D.A.
17160,-13028,Morozov Y.
17188,-12438,Chistyakov D.
16806,-12692,Chernyshev V.
17553,-12742,Sergeev G.
4665,4800,Ryu J.
4618,4209,Murav’ev N.V.
4300,4674,Popov M.V.
4869,4495,Anikanova N.V.
4251,4304,Choi M.
-20247,-3813,Bagapsh A.O.
-21483,-3562,Fedorovskiy K.Y.
3068,-16872,Berezhetskii M.S.
2978,-16465,Vafin I.Y.
3530,-16744,Grebenshchikov S.E.
3209,-17010,Grishina I.A.
3311,-16767,Larionova N.F.
3285,-16547,Logvinenko V.P.
3413,-16944,Meshcheryakov A.I.
3470,-16514,Sarksian K.A.
3120,-16682,Kharchevskii A.A.
1019,-1522,Lagarkov A.
1509,-1623,Boginskaya I.
752,-1388,Bykov I.
799,-1736,Budashov I.
1377,-1943,Ivanov A.
1331,-1359,Kurochkin I.
1039,-1944,Rodionov I.
1029,-1224,Sedova M.
1224,-1690,Zverev A.
21054,5670,Slepnev A.G.
503,26072,Krikunova M.P.
18352,10502,Veidun M.
-11374,-5731,Mokhova A.S.
-11042,-5540,Semenov M.Y.
222,-19462,Rashoyan G.V.
8338,20364,Gargyants L.V.
-13117,-2113,Gortyshov Y.F.
-20650,1066,Kozubnyak S.A.
-20283,1260,Meshkov S.A.
-20275,1674,Naraikin O.S.
-20672,1765,Soboleva E.N.
-20881,1402,Shashurin V.D.
-13775,3571,Li M.V.
20099,-5386,Zenkin V.A.
19648,-5617,Khmelev R.N.
-13777,-5824,Sychev V.V.
-13972,-5344,Klem A.I.
-998,-18189,Glazunov V.A.
7699,16761,Demidov A.B.
7198,17154,Kopelevich O.V.
7607,17159,Mosharov S.A.
7382,16501,Sheberstov S.V.
7073,16762,Vazyulya S.V.
-12899,-15211,Aleshin N.P.
-12385,-14440,Linnik A.A.
-12193,-14826,Kobernik N.V.
-12470,-15204,Mikheev R.S.
-12692,-14701,Pankratov A.S.
-12677,-14300,Samokhin A.V.
-12992,-14414,Alekseev N.V.
-13061,-14743,Shtokolov S.A.
6782,-11897,Razoumny Y.N.
7149,-12056,Jun L.
18391,-921,Selivanov V.V.
18274,-113,Nikolskaya Y.M.
18999,-1430,Sotskiy M.Y.
17258,-1577,Gryaznov E.F.
17191,-1132,Goldenko N.A.
17684,-1614,Sudomoev A.D.
17589,-1170,Feldstein V.A.
-11731,7902,Ponomarev O.A.
-11654,7440,Shigaev A.S.
-11179,7490,Galakhar A.S.
-11254,7954,Lakhno V.D.
-22022,-2430,Baranov A.D.
-11925,-7633,Kozintseva M.V.
-12315,-7524,Bishaev A.M.
-12614,-7256,Bush A.A.
-12514,-7863,Gavrikov M.B.
-12167,-7879,Kamentsev K.E.
-12713,-7582,Nizhel’skii N.A.
-11977,-7300,Savel’ev V.V.
-12285,-7152,Sigov A.S.
2208,10631,Schadko A.O.
2061,10241,Lebedev S.P.
2454,10342,Spektor I.E.
2675,10647,Skorobogatiy M.
-8563,21690,Usoltsev V.
-8684,21969,Lakyda P.
-8589,22236,Luo Y.
-8251,21719,Vasylyshyn R.
-8250,22110,Lakyda I.
-8418,21931,Myklush Y.
-8316,21357,McCallum I.
-8346,22342,Obersteiner M.
17612,-6518,Krokhina A.V.
18139,-6574,Lvov V.A.
17835,-7015,Pavlikhin G.P.
16822,13098,Sysenko V.A.
16757,13587,Dekermendzhi K.Y.
-17250,-14606,Matveev S.V.
-17337,-14988,Vesnin A.Y.
-16892,-14830,Yang Z.
-19655,-9420,Kondrat'ev S.Y.
-20038,-9661,Nikolaichik V.I.
-20037,-9269,Svyatysheva E.V.
-19666,-9819,Everstov A.A.
-3960,1218,Ashkihazi E.E.
-4812,840,Sedov V.S.
-5069,1162,Sovyk D.N.
-4235,1521,Khomich A.A.
-4370,749,Bolshakov A.P.
-4242,1081,Ryzhkov S.G.
-4435,1858,Khomich A.V.
-4590,1183,Vinogradov D.V.
-4721,1530,Ralchenko V.G.
-4055,858,Konov V.I.
-5023,1753,Ashkinazi E.E.
-4842,1983,Petrzhik M.I.
-5200,1511,Ushakova I.N.
6733,3917,Iliadis S.
6366,4306,Ivanov A.O.
6207,3574,Tuzhilin A.A.
-7035,-11743,Belov N.
-6561,-11960,Naumova E.
-6516,-11486,Akopyan T.
-16755,20208,Mitrofanova Yu.S.
-3996,-8621,Shinbayeva A.
-3795,-8910,Arkharov I.
-3921,-8263,Aldiyarov A.
-3429,-8906,Drobyshev A.
-3358,-8555,Zhubaniyazova M.
-3563,-8267,Kurnosov V.
-2909,3189,Fetisov S.V.
-19075,-357,Glezer A.M.
-19477,-81,Tomchuk A.A.
-18903,54,Betekhtin V.I.
-19309,330,Dunsue B.
4734,1196,Shaimanov A.N.
5096,995,Khabarov K.M.
4273,844,Merzlikin A.M.
-7824,27379,Marchevskii I.K.
-8243,26726,Puzikova V.V.
7571,20492,Nekhamkin V.A.
23856,-17869,Zakablukov D.V.
-11025,-3480,Pakhomova S.A.
-10593,-3274,Ryzhova M.Y.
-252,-25026,Vinkov M.M.
-923,-25249,Fominykh I.B.
22087,14283,Drakon A.V.
5941,-9449,Van Binh P.
6379,-9261,Minh D.H.
5774,-9020,Sergeevich G.S.
6215,-8837,Duc N.V.
-21635,-10011,Kondrat’ev S.Y.
2950,662,Afanasev K.N.
3287,607,Gysev A.V.
2811,409,Mailyan K.A.
2662,826,Pebalk A.V.
3101,402,Chvalyn V.N.
3201,870,Ozerin S.A.
2596,559,Sedova M.V.
2921,953,Pogosov W.V.
3998,-12047,Akulenko L.D.
4249,-11545,Leshchenko D.D.
3732,-11609,Shchetinina Y.S.
9796,9858,Belyanchikov M.A.
10767,8673,Gorshunov B.P.
8940,8308,Laut I.
10218,407,Didkovsky L.
10290,923,Wieman S.
10695,648,Korogodina E.
-14514,-1087,Leont’ev A.I.
-13818,-826,Kuzma-Kichta Y.A.
-6021,-9131,Drakon A.
-6127,-9858,Matveeva N.
-19853,-2778,Pozhar V.E.
2166,19884,Davydov M.A.
5176,11760,Gorbunov E.A.
4881,11658,Masalov V.M.
5068,11414,Emelchenko G.A.
-4163,-11021,Shulyakovskii A.V.
-4061,-11483,Taraskin N.Y.
-21966,-8770,Aldunin A.
-21130,18383,Karpov A.O.
13118,-16301,Minin P.
13243,-16882,Shumilov Y.
19812,-9636,Shi Y.
-16817,-18665,Titov V.I.
-17529,-18759,Tarasenko L.V.
-17433,-18099,Utkina A.N.
-8167,-11241,Galushkin M.G.
-8128,-11761,Yakunin V.P.
-8600,-11532,Dyachkov R.G.
-12400,-6362,Shevchenko S.Y.
-12007,-6177,Melnik Y.A.
-12800,-6176,Htet W.Y.M.
19829,-10114,Fan L.
19494,-9827,Liu P.
19497,-10221,Song E.
-12974,19898,Sinev L.S.
-13259,19350,Ryabov V.T.
-14517,4512,Zybin E.Y.
-17848,-4699,Lebedev S.A.
28480,3134,Gritsenko S.A.
9266,11471,Babenko V.A.
8789,11801,Sychev A.A.
-18328,-6508,Bobe A.
-19176,-6130,Konyshev D.
-18896,-6660,Vorotnikov S.
19758,-10534,Wang M.
19964,-10777,Wang Z.
19906,-11117,Qiu T.
-18182,-3617,Gorevoy A.V.
2331,10028,Frolov M.E.
-3643,-20149,Anikin A.
-11980,-2297,Schelchkov A.V.
-14908,-10220,Pavlenkov M.N.
-14891,-10898,Larionov V.G.
-14235,-10734,Voronin P.M.
-14265,-10051,Pavlenkov I.M.
-8194,-15041,Shen K.
-7873,-15369,Selezneva M.S.
-7873,-14681,Neusypin K.A.
-7554,-15014,Proletarsky A.V.
-10243,-19002,Ilyukhin V.D.
-10157,-18597,Doroshenko V.V.
4710,-8167,Falorni P.
4272,-8212,Becthel T.
4461,-7897,Zhuravlev A.
5309,11215,Fomin Y.D.
5507,11488,Tsiok E.N.
5627,11813,Ryzhov V.N.
7487,10216,Lepnev L.S.
7816,10083,Pyatushev A.Y.
7207,10113,Skrabatun A.V.
-15641,-9192,Chugainova A.P.
-15828,-9600,Kulikovskii A.G.
8254,-3599,Litvinenko I.L.
7817,-3560,Kireev S.V.
8311,-4015,Panichkina M.V.
7850,-3945,Shichiyakh R.A.
7812,-4528,Tikhomirov E.A.
10688,2194,Guskov M.
11186,2539,Lorong P.
10762,2618,Panovko G.
20748,-3003,Nosova S.S.
21124,-3171,Odintsov A.A.
20419,-2806,Novichkov V.I.
20630,-3370,Bondarev S.A.
20955,-2658,Makarenko A.V.
12025,11727,Chirikov S.N.
11777,12026,Kirichenko M.N.
11457,12055,Nikiforov S.D.
11710,11715,Tymper S.I.
5685,-12140,Vikhrachev V.O.
5632,-11610,Karatunov M.O.
6107,-11786,Razumnyi Y.N.
7017,-5066,Sozinova A.A.
7238,-4763,Okhrimenko O.I.
7572,-5362,Goloshchapova L.V.
7185,-5397,Kolpak E.P.
7551,-5010,Golovanova N.B.
-5885,6078,Pozhar N.O.
-5695,5630,Duplinskiy A.V.
-6408,5763,Kanapin A.A.
-5930,5472,Sokolov A.S.
-6162,5633,Vorobey S.S.
-5921,5783,Miller A.V.
-6156,5904,Ustimchik V.E.
-4835,6422,Anufriev M.N.
-6161,6161,Trushechkin A.T.
-6411,6061,Yunusov R.R.
-5664,5925,Kurochkin V.L.
-6330,5313,Kurochkin Yu.V.
6627,792,Zhigalina V.G.
7333,476,Ponomarev I.I.
7244,924,Skupov K.M.
6931,969,Razorenov D.Y.
6845,538,Leitinger G.
11411,4873,Semenov A.A.
11615,4591,Zabrodin A.V.
11574,5098,Gorlevskiy V.V.
11944,5634,Sheverdyaev M.S.
12250,4929,Lizunov A.V.
12418,5352,Brylev D.A.
11833,4791,Anikin A.S.
12028,5396,Klykov S.S.
11695,5612,Kozlova E.V.
11768,5053,Lesina I.G.
12534,5048,Nebera A.L.
12092,4659,Morozov I.A.
11885,5234,Demin A.V.
11813,5439,Buzmakov A.V.
11413,5251,Dymshicz Y.M.
11663,5293,Volkov V.V.
11994,5055,Konarev P.V.
12167,5549,Senin R.A.
11516,5462,Roshchin B.S.
12144,5226,Asadchikov V.E.
34,7134,Fernandez T.T.
288,7219,Wang Y.
-150,7285,Podmarkov Y.P.
88,7636,Skasyrsky Y.K.
371,7644,Maddaloni P.
94,7397,Coluccelli N.
353,7432,Laporta P.
-143,7547,Galzerano G.
-6997,5204,Kronberg D.A.
-4660,5648,Almagambetov A.N.
16868,-20364,Kostikov Y.V.
-872,-24489,Vin’kov M.M.
-16822,-18013,Shal’kevich A.B.
4110,-9780,Romadanov I.
4050,-9132,Smolyakov A.
4417,-9584,Raitses Y.
3705,-9226,Kaganovich I.
3808,-9585,Tian T.
4393,-9218,Ryzhkov S.
3891,616,Yankovskii G.M.
3972,332,Komarov A.V.
4248,391,Puz’ko R.S.
4188,64,Afanas’ev K.N.
-8559,-1094,Bulla M.
-8465,-317,Valcu M.
-8233,-977,Dokter A.M.
-7795,-615,Dondua A.G.
-7949,-794,Kosztolányi A.
-8589,-640,Rutten A.L.
-8621,-520,Helm B.
-8741,-556,Sandercock B.K.
-8430,-1135,Casler B.
-7806,-481,Ens B.J.
-8693,-401,Spiegel C.S.
-8333,-112,Hassell C.J.
-8111,-954,Küpper C.
-8177,-1213,Minton C.
-7995,-907,Burgas D.
-7675,-523,Lank D.B.
-8498,-540,Payer D.C.
-7931,-176,Nol E.
-7898,-980,Kwon E.
-8103,-249,Smith F.
-8420,-439,Gates H.R.
-8510,-756,Vitnerová H.
-8288,-466,Prüter H.
-8602,-280,Johnson J.A.
-8366,-1011,St Clair J.J.H.
-8169,-478,Lamarre J.-F.
-8054,-125,Rausch J.
-7978,-296,Reneerkens J.
-8079,-377,Conklin J.R.
-8041,-1191,Burger J.
-8448,-652,Liebezeit J.
-8126,-606,Bêty J.
-7811,-250,Coleman J.T.
-8322,-889,Figuerola J.
-7914,-1135,Hooijmeijer J.C.E.W.
-7673,-668,Alves J.A.
-8648,-978,Smith J.A.M.
-7961,-435,Weidinger K.
-8055,-504,Koivula K.
-8196,-857,Gosbell K.
-8188,-108,Exo K.-M.
-7795,-1056,Niles L.
-7717,-375,Koloski L.
-7683,-809,McKinnon L.
-7908,-547,Praus L.
-8439,-875,Klaassen M.
-8322,-1213,Giroux M.-A.
-8488,-986,Sládecek M.
-8172,-712,Boldenow M.L.
-8137,-1081,Goldstein M.I.
-8048,-718,Šálek M.
-8269,-1096,Senner N.
-8087,-824,Rönkä N.
-8724,-852,Lecomte N.
-8324,-353,Gilg O.
-7863,-365,Vincze O.
-8569,-874,Johnson O.W.
-7801,-749,Smith P.A.
-8362,-239,Woodard P.F.
-8634,-756,Tomkovich P.S.
-8387,-765,Battley P.F.
-8370,-555,Bentzen R.
-8005,-613,Lanctot R.B.
-7845,-864,Porter R.
-8014,-1044,Saalfeld S.T.
-8269,-771,Freeman S.
-7906,-683,Brown S.C.
-8551,-411,Yezerinac S.
-8746,-691,Székely T.
-7731,-933,Montalvo T.
-8232,-234,Piersma T.
-8485,-179,Loverti V.
-8314,-665,Pakanen V.-M.
-8198,-355,Tijsen W.
-8238,-583,Kempenaers B.
10082,11938,Lyakhov G.A.
10420,11866,Kobelev A.V.
9380,12099,Penkov N.V.
10031,12274,Ugraitskaya S.V.
10369,12176,Fesenko E.E.
10297,12499,Jr.
-13108,29499,Zhuravskii A.V.
20114,-17538,Kuts M.S.
-22699,-1443,Li S.
-4723,13239,Smirnov A.V.
6510,13349,Pudovkin A.V.
-14424,-645,Delgado Reina S.Y.
14134,20627,Kuznetsova A.Y.
9303,15356,Aver’kov I.S.
9110,15996,Aleksandrov V.Y.
8747,15902,Voronetskii A.V.
9078,15638,Gus’kov O.V.
8930,15261,Prokhorov A.N.
8668,15536,Yanovskii L.S.
14073,20016,Tarasov M.A.
14513,19999,Shavin M.Y.
-22067,-5525,Dobrokhotov S.Y.
-17270,-7068,Eremeikin S.A.
-17170,-7706,Krestnikovskii K.V.
-17560,-7458,Panovko G.Y.
-16881,-7324,Shokhin A.E.
-18886,-3367,Mazur M.M.
-1075,-7890,Emtsev V.V.
-2120,-8177,Zavarin E.E.
-1559,-7383,Kozlovskii M.A.
-1804,-7360,Kudoyarov M.F.
-1702,-7804,Lundin V.V.
-2269,-7406,Oganesyan G.A.
-2040,-7114,Petrov V.N.
-1940,-7556,Poloskin D.S.
-1370,-8243,Sakharov A.V.
-1697,-7585,Troshkov S.I.
-1098,-7514,Shmidt N.M.
-1986,-7860,V’yuginov V.N.
-1432,-7905,Zybin A.A.
-1745,-8229,Parnes Y.M.
-1285,-7190,Vidyakin S.I.
-1654,-7030,Gudkov A.G.
-2338,-7774,Chernyakov A.E.
-1450,-7594,Kozlovskii V.V.
-24590,-14288,Popov A.
-16102,19748,Kravchenko S.O.
4957,-12957,Manzhirov A.V.
5400,-13247,Parshin D.A.
-15433,7424,Biryukov V.V.
-15860,7051,Kas’kov S.I.
-550,11672,Bazleva D.D.
-992,11276,Tereshin A.A.
-9065,-23536,Grishin Y.M.
24881,383,Remizov I.D.
10496,19797,Éminyan K.M.
11173,-19772,Golovastov S.V.
10435,-19844,Terekhova O.
11935,17667,Karpushkin E.A.
11688,18176,Berkovich A.K.
11405,17713,Sergeyev V.G.
-12621,-2524,Gabdrakhmanov I.P.
10098,18203,Borisov D.
9786,18658,Golovina A.
10342,18642,Veselić I.
4340,22466,Karpov A.
10788,-19133,Bocharnikov V.M.
11275,-19018,Samoilova A.A.
6229,-1110,Boldasov D.D.
5704,-1203,Potapov K.G.
5873,-727,Syritskii A.B.
-11967,-13378,Evsyukov S.A.
-11411,-13191,Nebogov S.M.
-12090,-12571,Punin V.I.
-12477,-13031,Fedotov I.L.
7102,15428,Krasinskii A.Y.
7177,14927,Krasinskaya E.M.
-574,-20558,Cabrera M.
-912,-21114,Fernández López A.
-434,-21000,Golubkov A.
-1048,-20668,Moreno A.
-18610,6105,Grigor’ev A.Y.
-7747,13628,Fedorov G.
-7496,13593,Goltzman G.N.
-7664,14042,Titova N.
-7851,13856,Coquillat D.
-7481,13891,But D.
-7271,13745,Knap W.
20386,-154,Andreev K.A.
20889,-298,Vlasov A.I.
20688,252,Shakhnov V.A.
-11605,-12705,Kolesnikov V.V.
2662,10064,Shikunova I.A.
25471,-10657,Shkapov P.M.
15731,-6956,Karpushkin E.
16123,-7009,Gvozdik N.
15814,-6270,Klimenko M.
16358,-6690,Filippov S.K.
15967,-6639,Angelov B.
15576,-6587,Bessonov I.
16206,-6321,Sergeyev V.
-5942,17563,Krylov A.
-6213,17317,Dvoretskiy D.
-6485,17848,Sazonkin S.
-6104,17823,Leonov S.
-6268,17598,Tarabrin M.
-5884,17293,Kireev A.
-6545,17531,Gubin M.
1403,7418,Tuyrikov D.A.
1173,7588,Podmar'kov Y.P.
12080,4047,Orekhov A.S.
11822,4200,Kuskova A.N.
12386,4186,Mishin V.V.
12118,4299,Seryogin A.V.
7737,7808,Du C.-R.
11563,-14130,Bogdan K.
11096,-14613,Butko Y.
11577,-14653,Szczypkowski K.
-21406,-1757,Carmona J.J.
-21852,-1625,Fedorovskiy K.Y
-521,-13870,Bagherinejad Zarandi S.
-555,-14402,Wang Y.-C.
-1012,-14230,Novozhilova O.V.
6727,18354,Yagopol’skii A.G.
6437,18796,Kropotin N.Y.
24812,4358,Gribov A.F.
3170,9431,Sverbil P.P.
-1444,-10099,Osipov M.
-1943,-9795,Primenko A.
-1878,-10298,Rudnev I.
-2104,359,Tarakanov P.
-1867,-39,Shashurin G.
-18654,12262,Beloousov B.
-18585,12971,Ksenevich T.I.
-18140,12314,Vantsevich V.
14720,-10232,Rozhnova Yu.A.
14868,-9824,Usachev V.A.
15070,-9977,Kononenko N.E.
14975,-10217,Baranchikov A.E.
14633,-10000,Ivanov V.K.
5385,17241,Galanzha E.I.
5895,16681,Viegas M.G.
5730,17282,Malinsky T.I.
5270,16635,Melerzanov A.V.
5594,16511,Juratli M.A.
5174,16965,Sarimollaoglu M.
5954,17023,Nedosekin D.A.
5572,16904,Zharov V.P.
-18348,1153,Ovchinnikov A.I.
-18706,1470,Vasil’ev S.G.
9204,17059,Polyakov S.
9620,17026,Kuzyi O.
9025,17425,Korotschenko A.
9378,17629,Korovin V.
9735,17409,Bast J.
15501,-4129,Gusev A.S.
15557,-4629,Shcherbakov V.I.
15056,-4521,Starodubtseva S.A.
-4540,-11479,Maiorova I.A.
5450,21267,Borovik E.V.
5943,21409,Fedorovskii K.Y.
25343,4119,Emel’yanov S.V.
-11275,-3061,Gulcova M.E.
-3876,-2854,Egorova O.
-3847,-2317,Shcherbinin D.
-3068,7198,Zhirnov A.A.
-3146,7555,Stepanov K.V.
-3362,7085,Nesterov E.T.
-3439,7450,Namiot D.E.
10030,11570,Belosludtsev K.N.
6428,-39034,Lychev S.A.
-7381,-10234,Chernyshev V.V.
-6984,-10283,Morozov Y.N.
-7447,-10640,Bushmarinov I.S.
-6757,-10621,Makoed A.A.
-7102,-10842,Sergeev G.B.
-18223,650,Bityutskaya Y.L.
-18668,817,Voinov S.A.
11453,-3218,Sleptsov A.
-809,12433,Grothaus M.
-7969,-8729,Ovcharenko E.A.
-7941,-7946,Klyshnikov K.U.
-8228,-8505,Yuzhalin A.E.
-7474,-8337,Savrasov G.V.
-7605,-8021,Kokov A.N.
-7867,-8335,Batranin A.V.
-8213,-8160,Ganyukov V.I.
-7637,-8645,Kudryavtseva Y.A.
-8803,-10070,Cerbu F.
-9132,-9867,Andreev D.V.
-9185,-10655,Lisoni J.
-8833,-10463,Breuil L.
-9158,-10261,Afanas'ev V.V.
-9515,-10453,Stesmans A.
-9482,-10061,Houssa M.
-2294,8263,Arutyunyan N.R.
-2181,13226,Vinogradov A.V.
-1840,12860,Kuprin D.S.
-1869,13428,Abduragimov I.M.
-2038,12579,Kuprin G.N.
-2294,12879,Serebriyakov E.
-1644,13151,Vinogradov V.V.
-9609,-8996,Belov P.A.
-10027,-9349,Nelub V.A.
19970,-17100,Rudnev S.K.
-5836,9976,Gornostay A.V.
-13617,28912,Menshawy T.M.
-18389,-6029,Yuschenko A.
-18714,-5756,Zhonin A.
-18050,13460,Beloousov B.N.
-17801,13008,Naumov S.V.
-19603,-12580,Soudakov V.F.
-9104,-4756,Onishchenko D.O.
-8491,-4918,Golosov A.S.
-8835,-5023,Pankratov S.A.
-11992,9631,Melnikov D.M.
-11885,9180,Yakimova M.A.
-2659,19667,Babkin A.S.
-2834,20172,Gladkov E.A.
-11878,-15454,Vaganov V.E.
-12216,-15624,Reshetnyak V.V.
-11780,-15100,Aborkin A.V.
-7397,20851,Bayas J.C.L.
-8161,20894,Sturn T.
-7635,20667,Perger C.
-7930,21080,Karner M.
-7921,20724,Moorthy I.
-7663,20989,Domian D.
10739,-10438,Zigangirova N.A.
10456,-10397,Kost E.A.
10963,-10637,Didenko L.V.
10657,-10120,Kapotina L.N.
11018,-10343,Zayakin E.S.
10571,-10722,Luyksaar S.I.
11181,-10837,Morgunova E.Y.
10830,-10909,Fedina E.D.
11321,-10546,Artyukhova O.A.
10963,-10041,Samorodov A.V.
11281,-10221,Kobets N.V.
-20259,-7609,Kharlamov A.
-20500,-7129,Ermishin K.
9000,-2216,Syzrantsev V.N.
8678,-1865,Syzrantseva K.V.
9384,-1949,Il’inykh V.N.
9064,-1611,Chernaya L.A.
18152,5841,Korkodinov Y.A.
18223,5166,Peshcherenko S.N.
18604,5319,Esov V.B.
18552,5732,Ablyaz T.R.
17952,5480,Muratov K.R.
14778,8179,Filobokova L.Y.
15265,8204,Pesotsky Y.
15256,7729,Grigoreva O.V.
-18299,-11214,Lukina E.A.
-17761,-11593,Bazaleeva K.O.
-17834,-11122,Petrushin N.V.
-18237,-11679,Tsvetkova E.V.
-3764,3969,Basarab D.A.
-3216,3617,Konnova N.S.
-3331,3344,Matsievskiy D.D.
-14126,-406,Ospennikova O.G.
12484,12842,Bunkin F.V.
11772,-4902,Sysoeva E.Y.
8805,10248,Krylov A.S.
2839,6132,Tausenev A.V.
2751,6448,Shepelev D.V.
2556,5980,Konyashchenko A.V.
-10483,14221,Bylinkin A.
-5482,-4201,Arapov Yu.D.
12263,-6839,Voinova V.V.
12414,-6531,Yakovlev S.G.
12205,-6640,Zernov A.L.
12039,-6799,Ivanova E.V.
11784,-6926,Akoulina E.A.
12005,-6524,Kuznetsova E.S.
12275,-7212,Zhuikov V.A.
11983,-7017,Alekseeva S.G.
12051,-7284,Podgorskii V.V.
12414,-6993,Bessonov I.V.
11847,-7190,Morozov A.S.
12462,-6748,Milanovskiy E.Y.
12180,-7034,Tyugay Z.N.
11846,-6695,Bykova G.S.
12226,-6410,Kirpichnikov M.P.
